#,00b323b44a3c59fad1d78f04848eed7c_20181105000645_20181105002906,00b323b44a3c59fad1d78f04848eed7c,2018/11/05 00:06:45,2018/11/05 00:29:06,3.5622736758181355 km
2018/11/05 00:06:45,30.67394076500585,104.07576234010948,148171,30.673897129302528,104.07573636137347,5.451196237431005,48.312185148927256
2018/11/05 00:06:48,30.673900738250566,104.07581227962753,148171,30.673871391252938,104.07579480648675,3.6662327994107895,54.59179846152177
2018/11/05 00:06:51,30.673870707128774,104.07586221881421,148171,30.673847729435636,104.07584853696028,2.8705776520119457,60.36485024074956
2018/11/05 00:06:54,30.673840667243308,104.07592214573161,148171,30.67382058097734,104.07591018478308,2.5093885087720733,66.988580200911
2018/11/05 00:06:57,30.67381060100116,104.07601203576434,148171,30.673782972623066,104.07599558459233,3.451587850919767,76.16433693691164
2018/11/05 00:06:59,30.67379056584864,104.07606197500388,148171,30.673761386969364,104.07604460058212,3.645291223363559,81.43084644763717
2018/11/05 00:07:01,30.673740500354857,104.07616185432678,148171,30.673716139312173,104.07614734746822,3.043455591085244,92.47046032706822
2018/11/05 00:07:04,30.673680439782853,104.07626173462177,148171,30.67366881526932,104.07625480934233,1.4523938260713845,104.01667931557282
2018/11/05 00:07:07,30.673660422593176,104.07629169890212,148171,30.673654202778195,104.07628799090475,0.7772297065968473,107.58186637855673
2018/11/05 00:07:08,30.673670409413084,104.07630168624,148171,30.673652792413293,104.0762911935148,2.2009972261179573,107.9259702684886
2018/11/05 00:07:09,30.673670409413084,104.07630168624,143987,30.673652792413293,104.0762911935148,2.2009972261179573,265.20795177499474
2018/11/05 00:07:11,30.673670418117695,104.07629169844263,148171,30.673656279058537,104.07628327615589,1.7665222333547264,107.07529100172795
2018/11/05 00:07:12,30.673670409413084,104.07630168624,148171,30.673652792413293,104.0762911935148,2.2009972261179573,107.9259702684886
2018/11/05 00:07:15,30.67367040071296,104.07631167404251,143987,30.67364930576734,104.07629911087531,2.6354728947306567,264.3572723126519
2018/11/05 00:07:18,30.67367040071296,104.07631167404251,148171,30.67364930576734,104.07629911087531,2.6354728947306567,108.77664973089482
2018/11/05 00:07:21,30.67366037911497,104.07634163794027,148171,30.673636769543165,104.0763275777193,2.9496113467543794,111.83526517527343
2018/11/05 00:07:24,30.67365035755725,104.07637160188419,148171,30.67362423331051,104.07635604458252,3.263755812818631,114.89388300188207
2018/11/05 00:07:27,30.67365034888851,104.07638158972257,143987,30.673620746658948,104.07636396195578,3.698236181076954,257.3893580110721
2018/11/05 00:07:30,30.67366034441311,104.07638158926306,148171,30.673622822942555,104.07635924719952,4.687528791910751,115.2379877214036
2018/11/05 00:07:33,30.67364035336383,104.07638159018208,143987,30.673618670375323,104.0763686767121,2.708943540599164,256.8827816851753
2018/11/05 00:07:36,30.673640362032568,104.0763716023437,143987,30.673622157027246,104.07636075933802,2.274463174320945,257.73346281921994
2018/11/05 00:07:39,30.673700378590368,104.07632166047163,143987,30.673652047964868,104.07629288398371,6.037826800297519,265.0263196309999
2018/11/05 00:07:42,30.673750452109104,104.07621179257224,143987,30.673700782414343,104.0761822194048,6.205086007455989,276.9166541444305
2018/11/05 00:07:45,30.673780517546128,104.07612190161717,143987,30.673738390935863,104.07609681921578,5.262766429096875,286.0924578697328
2018/11/05 00:07:48,30.673820587694326,104.07602202295875,143987,30.673781562272776,104.07599878716921,4.875336202686799,296.62548514250045
2018/11/05 00:07:51,30.673870724936823,104.07584224367551,143987,30.67385470264949,104.07583270241649,2.0016873678368268,314.4704088876145
2018/11/05 00:07:54,30.67391073377309,104.07581227916809,143987,30.673873467515534,104.07579009177819,4.65552468090767,319.0486937221292
2018/11/05 00:07:57,30.673970796349813,104.07571240117889,143987,30.673920791061082,104.07568263103335,6.246884289423325,330.594771994889
2018/11/05 00:08:00,30.67400089083842,104.07559255019731,143987,30.67396885889687,104.07557348017879,4.0015784695949215,342.3224388655417
2018/11/05 00:08:03,30.674001026648643,104.07544273922953,143987,30.674021157579592,104.07545472205669,2.5147618793478803,355.08234923484633
2018/11/05 00:08:06,30.67407110467187,104.07532288806858,143987,30.674077935414914,104.07532789139643,0.897704907982929,368.7605094147837
2018/11/05 00:08:09,30.67411121517195,104.07518306455924,148169,30.674141837371295,104.07520390249198,3.945356848511907,9.45206295864831
2018/11/05 00:08:12,30.674171336129916,104.07502326683397,148169,30.674217144340776,104.07505482584929,5.920710811408857,25.98657738533004
2018/11/05 00:08:13,30.674171363976303,104.07499330542294,148169,30.674228452958697,104.07503263616043,7.378748869821981,28.453304649935138
2018/11/05 00:08:16,30.674161461567728,104.07489343484427,148169,30.674263550648472,104.07496376772568,13.19500417441532,36.109095433932545
2018/11/05 00:08:19,30.67415155960593,104.0747935647765,148169,30.674298648289213,104.07489489938713,19.011191436980592,43.7648734639283
2018/11/05 00:08:22,30.674241538052364,104.07477358659875,148169,30.674329566298507,104.0748342322914,11.377632170421691,50.50895515743192
2018/11/05 00:08:25,30.674311563091806,104.07471366137408,148169,30.674370367041444,104.07475417336668,7.600393249017154,59.408734743002164
2018/11/05 00:08:28,30.674361568948516,104.07468369814178,148169,30.674394663879234,104.07470649828612,4.2775071359619625,64.70855115346261
2018/11/05 00:08:31,30.674381559985854,104.07468369722322,148169,30.674399859194715,104.0746963040754,2.36516315560966,65.84179389784677
2018/11/05 00:08:34,30.674481496321793,104.07470366658248,148169,30.674418296752204,104.07466012603254,8.168536552344332,69.86353741555195
2018/11/05 00:08:37,30.674521497237894,104.07468369079324,148169,30.67443622640068,104.07462494460509,11.021240184695793,73.77449132225507
2018/11/05 00:08:40,30.674551502653397,104.07466371548375,148169,30.67445155838372,104.0745948602981,12.917774701552773,77.1188218817633
2018/11/05 00:08:43,30.67454165868812,104.07450392522509,173144,30.674509254363706,104.07448160946906,4.187825285865103,91.32437376792129
2018/11/05 00:08:46,30.67454164918264,104.07451391210667,173144,30.674505485630057,104.0744890075327,4.673653554936579,92.14669221486277
2018/11/05 00:08:49,30.67455163519884,104.0745238985341,148169,30.67450431298795,104.07449130944144,6.115757348593012,88.62903519242744
2018/11/05 00:08:52,30.674551644699854,104.07451391164741,148169,30.67450808172178,104.07448391137746,5.62992840134149,89.45135368509965
2018/11/05 00:08:55,30.674551644699854,104.07451391164741,173144,30.67450808172178,104.07448391137746,5.62992840134149,91.58023824918911
2018/11/05 00:08:58,30.67454164918264,104.07451391210667,173144,30.674505485630057,104.0744890075327,4.673653554936579,92.14669221486277
2018/11/05 00:09:01,30.67454164918264,104.07451391210667,148169,30.674505485630057,104.0744890075327,4.673653554936579,88.88489971941996
2018/11/05 00:09:04,30.674551644699854,104.07451391164741,148169,30.67450808172178,104.07448391137746,5.62992840134149,89.45135368509965
2018/11/05 00:09:07,30.67454165868812,104.07450392522509,148169,30.674509254363706,104.07448160946906,4.187825285865103,89.70721816637014
2018/11/05 00:09:10,30.67454165868812,104.07450392522509,173144,30.674509254363706,104.07448160946906,4.187825285865103,91.32437376792129
2018/11/05 00:09:13,30.67454165868812,104.07450392522509,148169,30.674509254363706,104.07448160946906,4.187825285865103,89.70721816637014
2018/11/05 00:09:16,30.67454165868812,104.07450392522509,173144,30.674509254363706,104.07448160946906,4.187825285865103,91.32437376792129
2018/11/05 00:09:19,30.674551625702286,104.0745338854259,173144,30.67450054425355,104.07449870750655,6.601586976697242,93.22487538285728
2018/11/05 00:09:22,30.67456161172733,104.07454387186353,173144,30.67449937161146,104.07450100941526,8.043692081075456,93.48073991619131
2018/11/05 00:09:25,30.67456161172733,104.07454387186353,148169,30.67449937161146,104.07450100941526,8.043692081075456,87.55085201807692
2018/11/05 00:09:28,30.67457160724438,104.07454387140426,173144,30.674501967704312,104.07449591325779,8.999966836266612,92.91428567753624
2018/11/05 00:09:31,30.67458159327372,104.07455385784698,148169,30.674500795062784,104.0744982151654,10.442072529249158,87.86144184804152
2018/11/05 00:09:34,30.674581602761346,104.07454387094499,148169,30.674504563797143,104.07449081710037,9.956241550887556,88.68376047941324
2018/11/05 00:09:37,30.674591579307442,104.07456384429481,173144,30.674499622421443,104.07450051707264,11.884178857177513,93.42601445498093
2018/11/05 00:09:40,30.6745915887906,104.07455385738771,148169,30.674503391155984,104.07449311900724,11.39834720063828,88.427896157551
2018/11/05 00:09:43,30.6745915887906,104.07455385738771,173144,30.674503391155984,104.07449311900724,11.39834720063828,92.60369577672681
2018/11/05 00:09:46,30.6745915887906,104.07455385738771,148169,30.674503391155984,104.07449311900724,11.39834720063828,88.427896157551
2018/11/05 00:09:49,30.6745915887906,104.07455385738771,173144,30.674503391155984,104.07449311900724,11.39834720063828,92.60369577672681
2018/11/05 00:09:52,30.6745915887906,104.07455385738771,148169,30.674503391155984,104.07449311900724,11.39834720063828,88.427896157551
2018/11/05 00:09:55,30.6745915887906,104.07455385738771,173144,30.674503391155984,104.07449311900724,11.39834720063828,92.60369577672681
2018/11/05 00:09:58,30.6745915887906,104.07455385738771,148169,30.674503391155984,104.07449311900724,11.39834720063828,88.427896157551
2018/11/05 00:10:01,30.6745915887906,104.07455385738771,173144,30.674503391155984,104.07449311900724,11.39834720063828,92.60369577672681
2018/11/05 00:10:04,30.674601574824244,104.07456384383555,173144,30.674502218515013,104.07449542091376,12.840453484629267,92.8595600609819
2018/11/05 00:10:07,30.674601574824244,104.07456384383555,148169,30.67450221851501,104.07449542091376,12.840453484969162,88.17203187309184
2018/11/05 00:10:10,30.67461157982412,104.07455385646918,148169,30.674508583342316,104.07448292669108,13.310896422019935,89.56080472607113
2018/11/05 00:10:13,30.67461158931174,104.0745438695672,148169,30.674512352075503,104.07447552862835,12.82506545268852,90.38312305131932
2018/11/05 00:10:16,30.67461158931174,104.0745438695672,173144,30.674512352075507,104.07447552862834,12.825065453041235,90.64846888160845
2018/11/05 00:10:19,30.67461158931174,104.0745438695672,148169,30.674512352075503,104.07447552862835,12.82506545268852,90.38312305131932
2018/11/05 00:10:22,30.674611598803832,104.07453388267031,148169,30.67451612080813,104.07446813056673,12.339235164901686,91.20544123096744
2018/11/05 00:10:25,30.674611598803832,104.07453388267031,173144,30.67451612080813,104.07446813056671,12.339235165594296,89.82615070217001
2018/11/05 00:10:28,30.674611598803832,104.07453388267031,148169,30.67451612080813,104.07446813056673,12.339235164901686,91.20544123096744
2018/11/05 00:10:31,30.674611598803832,104.07453388267031,173144,30.67451612080813,104.07446813056671,12.339235165594296,89.82615070217001
2018/11/05 00:10:34,30.674611598803832,104.07453388267031,148169,30.67451612080813,104.07446813056673,12.339235164901686,91.20544123096744
2018/11/05 00:10:37,30.674611598803832,104.07453388267031,173144,30.67451612080813,104.07446813056671,12.339235165594296,89.82615070217001
2018/11/05 00:10:40,30.674601603287115,104.07453388312958,148169,30.674513524715753,104.07447322672326,11.38296056795748,90.63898715790263
2018/11/05 00:10:43,30.67460161278367,104.07452389623778,173144,30.674517293448204,104.07446582866197,10.89713095663597,89.57028664207802
2018/11/05 00:10:46,30.67460161278367,104.07452389623778,148169,30.674517293448204,104.07446582866197,10.89713095663597,91.46130529223137
2018/11/05 00:10:49,30.67460161278367,104.07452389623778,173144,30.674517293448204,104.07446582866197,10.89713095663597,89.57028664207802
2018/11/05 00:10:52,30.67460161278367,104.07452389623778,148169,30.674517293448204,104.07446582866197,10.89713095663597,91.46130529223137
2018/11/05 00:10:55,30.67460161278367,104.07452389623778,173144,30.674517293448204,104.07446582866197,10.89713095663597,89.57028664207802
2018/11/05 00:10:58,30.67460161278367,104.07452389623778,148169,30.674517293448204,104.07446582866197,10.89713095663597,91.46130529223137
2018/11/05 00:11:01,30.67460161278367,104.07452389623778,173144,30.674517293448204,104.07446582866197,10.89713095663597,89.57028664207802
2018/11/05 00:11:04,30.67460161278367,104.07452389623778,148169,30.674517293448204,104.07446582866197,10.89713095663597,91.46130529223137
2018/11/05 00:11:07,30.67460161278367,104.07452389623778,173144,30.674517293448204,104.07446582866197,10.89713095663597,89.57028664207802
2018/11/05 00:11:10,30.67460161278367,104.07452389623778,148169,30.674517293448204,104.07446582866197,10.89713095663597,91.46130529223137
2018/11/05 00:11:13,30.67460161278367,104.07452389623778,173144,30.674517293448204,104.07446582866197,10.89713095663597,89.57028664207802
2018/11/05 00:11:16,30.67460161278367,104.07452389623778,148169,30.674517293448204,104.07446582866197,10.89713095663597,91.46130529223137
2018/11/05 00:11:19,30.674601622284687,104.0745139093511,148169,30.67452106218008,104.07445843060181,10.411302027186212,92.28362327781606
2018/11/05 00:11:22,30.674601622284687,104.0745139093511,173144,30.674521062180084,104.07445843060181,10.411302026846316,88.74796865630016
2018/11/05 00:11:25,30.67460161278367,104.07452389623778,173144,30.674517293448204,104.07446582866197,10.89713095663597,89.57028664207802
2018/11/05 00:11:28,30.674601622284687,104.0745139093511,148169,30.67452106218008,104.07445843060181,10.411302027186212,92.28362327781606
2018/11/05 00:11:31,30.674601622284687,104.0745139093511,173144,30.674521062180084,104.07445843060181,10.411302026846316,88.74796865630016
2018/11/05 00:11:34,30.674601622284687,104.0745139093511,148169,30.67452106218008,104.07445843060181,10.411302027186212,92.28362327781606
2018/11/05 00:11:37,30.674591626767885,104.07451390981036,173144,30.674518466088465,104.07446352675686,9.45502738227098,89.31442254341357
2018/11/05 00:11:40,30.674591626767885,104.07451390981036,148169,30.674518466088465,104.07446352675686,9.45502738227098,91.71716939089836
2018/11/05 00:11:43,30.674591626767885,104.07451390981036,173144,30.674518466088465,104.07446352675686,9.45502738227098,89.31442254341357
2018/11/05 00:11:46,30.674591626767885,104.07451390981036,148169,30.674518466088465,104.07446352675686,9.45502738227098,91.71716939089836
2018/11/05 00:11:50,30.674591626767885,104.07451390981036,173144,30.674518466088465,104.07446352675686,9.45502738227098,89.31442254341357
2018/11/05 00:11:53,30.674591626767885,104.07451390981036,148169,30.674518466088465,104.07446352675686,9.45502738227098,91.71716939089836
2018/11/05 00:11:56,30.674621594320463,104.07453388221104,173144,30.674518716900483,104.07446303441023,13.29550972196825,89.25969664509715
2018/11/05 00:11:59,30.67460159379503,104.07454387002646,148169,30.67450975598274,104.07448062478564,11.86879085979114,89.8166688779738
2018/11/05 00:12:02,30.67459161726687,104.07452389669704,173144,30.674514697356194,104.07447092481777,9.940856316447201,90.13674062967334
2018/11/05 00:12:05,30.67459161726687,104.07452389669704,148169,30.674514697356194,104.07447092481779,9.940856315754589,90.89485130346098
2018/11/05 00:12:08,30.674591626767885,104.07451390981036,148169,30.674518466088465,104.07446352675686,9.45502738227098,91.71716939089836
2018/11/05 00:12:11,30.674591636273366,104.07450392292878,148169,30.674522234820163,104.07445612869704,8.969199130319348,92.53948733096236
2018/11/05 00:12:14,30.674591636273366,104.07450392292878,173144,30.674522234820163,104.07445612869704,8.969199130319348,88.49210460335769
2018/11/05 00:12:17,30.674591636273366,104.07450392292878,148169,30.674522234820163,104.07445612869704,8.969199130319348,92.53948733096236
2018/11/05 00:12:20,30.674591636273366,104.07450392292878,173144,30.674522234820163,104.07445612869704,8.969199130319348,88.49210460335769
2018/11/05 00:12:21,30.674591636273366,104.07450392292878,148169,30.674522234820163,104.07445612869704,8.969199130319348,92.53948733096236
2018/11/05 00:12:23,30.674591645783313,104.07449393605232,148169,30.674526003551293,104.07444873063835,8.483371558867239,93.36180512151559
2018/11/05 00:12:26,30.67458165026643,104.07449393651157,173144,30.674523407460438,104.0744538267919,7.5270968670141825,88.23624051123879
2018/11/05 00:12:29,30.67458165026643,104.07449393651157,148169,30.674523407460438,104.0744538267919,7.5270968670141825,92.79535142308372
2018/11/05 00:12:32,30.67458165026643,104.07449393651157,173144,30.674523407460438,104.0744538267919,7.5270968670141825,88.23624051123879
2018/11/05 00:12:35,30.67458165026643,104.07449393651157,148169,30.674523407460438,104.0744538267919,7.5270968670141825,92.79535142308372
2018/11/05 00:12:36,30.67458165026643,104.07449393651157,173144,30.674523407460438,104.0744538267919,7.5270968670141825,88.23624051123879
2018/11/05 00:12:39,30.674591645783313,104.07449393605232,148169,30.674526003551293,104.07444873063835,8.483371558867239,93.36180512151559
2018/11/05 00:12:42,30.674591645783313,104.07449393605232,173144,30.674526003551293,104.07444873063835,8.483371558867239,87.66978681281235
2018/11/05 00:12:45,30.67457169283388,104.07445398951597,148169,30.67453588629153,104.07442933071573,4.627518628053306,95.51816820926345
2018/11/05 00:12:48,30.674521686677796,104.07448395239575,173144,30.67451159964813,104.07447700565116,1.3036209556737388,90.8126446886618
2018/11/05 00:12:51,30.674521497237894,104.07468369079324,173144,30.674436226400676,104.07462494460509,11.021240185035655,107.2571006121306
2018/11/05 00:12:54,30.674351404461223,104.07486346490566,173144,30.674324214880702,104.07484473280496,3.514259783331464,131.68993040673456
2018/11/05 00:12:57,30.67422129518861,104.07504323883688,173144,30.67422259362017,104.0750441333124,0.16781916951944478,153.8563735983143
2018/11/05 00:13:01,30.674131215419553,104.07517307641662,173144,30.674150685384205,104.07518632541566,2.508504987954596,169.63176282510202
2018/11/05 00:13:04,30.674071141272734,104.07528293891718,148171,30.6740934418054,104.07529927342479,2.9307638130287472,1.1386314425541468
2018/11/05 00:13:07,30.674031095182908,104.07535285182333,148171,30.67405876545127,104.07536932334331,3.456619008798604,8.875951732708131
2018/11/05 00:13:10,30.67395100365696,104.07549267838783,148171,30.67399334344818,104.07551788146803,5.289123709959683,24.837705254748926
2018/11/05 00:13:13,30.6738809445716,104.07559255571017,148171,30.673943943841746,104.0756300564634,7.869923234397602,36.89029728819676
2018/11/05 00:13:16,30.67380090836676,104.07567245903927,148171,30.67389944105086,104.07573111193169,12.308816997769451,47.74816090670339
2018/11/05 00:13:19,30.67375087692154,104.07573238629176,148171,30.673868140157307,104.07580218896737,14.64866801675988,55.38500642171116
2018/11/05 00:13:22,30.673710832230974,104.07580230081042,148171,30.673835428869882,104.0758764686789,15.564761601081624,63.36596433970808
2018/11/05 00:13:25,30.67368077439014,104.07588220270283,148171,30.67380130717736,104.07595395109176,15.057083291844915,71.69103767685615
2018/11/05 00:13:28,30.67361065522472,104.07605199559987,148171,30.67372750070442,104.0761215483938,14.59643324978509,89.69848474276056
2018/11/05 00:13:31,30.673540572339043,104.07618183898302,148171,30.67366764051595,104.07625747693349,15.87346538921918,104.30329815699011
2018/11/05 00:13:34,30.6735005203303,104.07626174289261,148171,30.673631442240346,104.07633967478266,16.354877768293477,113.13503228542037
2018/11/05 00:13:37,30.673490481258916,104.07631168231347,148171,30.673611932705565,104.07638397639013,15.17179910432991,117.89501216357056
2018/11/05 00:13:40,30.673480407633555,104.0764015732264,148171,30.673578476517473,104.0764599475975,12.25078072920228,126.05772944509188
2018/11/05 00:13:43,30.673480338516853,104.07648147620031,148171,30.6735505832195,104.07652328677764,8.774902613885121,132.86320178594474
2018/11/05 00:13:46,30.673480252524637,104.0765813553792,148171,30.673515716534084,104.07660246089577,4.4299946180022,141.37005976048295
2018/11/05 00:13:49,30.673470179989103,104.07667124753824,148171,30.673482260163002,104.07667843251866,1.5088132886492387,149.53282812973848
2018/11/05 00:13:52,30.673450112290656,104.07676114057237,148171,30.67344672743105,104.07675911907329,0.4231296900410777,158.20219462685876
2018/11/05 00:13:55,30.673410028555555,104.07688099921049,148171,30.673396581943834,104.0768729877901,1.68007947159737,170.4368226893507
2018/11/05 00:13:58,30.6733699454655,104.07700085858772,148171,30.673346436320863,104.0769868568152,2.937125782599574,182.67148890755544
2018/11/05 00:14:01,30.673339933739523,104.0770308244667,143987,30.673329747278707,104.07702475374113,1.2728154452837608,186.39059388181326
2018/11/05 00:14:04,30.673339933739523,104.0770308244667,148171,30.673329747278707,104.07702475374113,1.2728154452837608,186.74332816471332
2018/11/05 00:14:07,30.673329929839674,104.07704081310331,148171,30.67332418426177,104.07703738605633,0.7180466893940565,188.100608745705
2018/11/05 00:14:10,30.673329913107974,104.07706078947271,148171,30.673317210841066,104.07705322106983,1.5870980214494155,189.80200370641043
2018/11/05 00:14:13,30.673299884775023,104.0771107318649,148171,30.67329354834538,104.07710695308383,0.7918576336775438,195.57524724157707
2018/11/05 00:14:16,30.673189776338322,104.0773005139423,148171,30.673204461128922,104.07730924939375,1.8341880352869946,217.3110117634782
2018/11/05 00:14:19,30.673049625857367,104.07756021825384,148171,30.673084737256186,104.0775811144113,4.385973521715144,246.52162398598688
2018/11/05 00:14:22,30.67293955348081,104.07771005058815,148171,30.673009596173905,104.07775174230017,8.749737800848376,264.85479948514717
2018/11/05 00:14:25,30.672899506947196,104.07778996078132,148171,30.67297339664283,104.07783394300021,9.230334459274482,273.68688759350545
2018/11/05 00:14:28,30.67288951945189,104.0777799726787,143987,30.672974807084756,104.07783074021525,10.654204569740527,99.79115904996299
2018/11/05 00:14:31,30.672889511416276,104.077789961241,148171,30.672971320307006,104.07783865787505,10.219629374362361,274.19347934366675
2018/11/05 00:14:34,30.672889511416276,104.077789961241,143987,30.672971320307006,104.07783865787505,10.219629374362361,98.94044269954216
2018/11/05 00:14:37,30.672889511416276,104.077789961241,148171,30.672971320307006,104.07783865787505,10.219629374362361,274.19347934366675
2018/11/05 00:14:40,30.672879523920887,104.07777997313838,143987,30.672972730749272,104.07783545508931,11.643499521083024,99.28456738823272
2018/11/05 00:14:43,30.672879523920887,104.07777997313838,148171,30.672972730749276,104.07783545508931,11.643499521434661,273.849354654823
2018/11/05 00:14:46,30.67288951945189,104.0777799726787,143987,30.672974807084756,104.07783074021525,10.654204569740527,99.79115904996299
2018/11/05 00:14:49,30.67288951945189,104.0777799726787,148171,30.672974807084756,104.07783074021525,10.654204569740527,273.3427629933121
2018/11/05 00:14:52,30.67288951945189,104.0777799726787,143987,30.672974807084756,104.07783074021525,10.654204569740527,99.79115904996299
2018/11/05 00:14:55,30.67288951945189,104.0777799726787,148171,30.672974807084756,104.07783074021525,10.654204569740527,273.3427629933121
2018/11/05 00:14:58,30.67288951945189,104.0777799726787,143987,30.672974807084756,104.07783074021525,10.654204569740527,99.79115904996299
2018/11/05 00:15:01,30.67288951945189,104.0777799726787,148171,30.672974807084756,104.07783074021525,10.654204569740527,273.3427629933121
2018/11/05 00:15:04,30.67288951945189,104.0777799726787,143987,30.672974807084756,104.07783074021525,10.654204569740527,99.79115904996299
2018/11/05 00:15:07,30.67288951945189,104.0777799726787,148171,30.672974807084756,104.07783074021525,10.654204569740527,273.3427629933121
2018/11/05 00:15:10,30.67288951945189,104.0777799726787,143987,30.672974807084756,104.07783074021525,10.654204569740527,99.79115904996299
2018/11/05 00:15:13,30.67288951945189,104.0777799726787,148171,30.672974807084756,104.07783074021525,10.654204569740527,273.3427629933121
2018/11/05 00:15:16,30.67288951945189,104.0777799726787,143987,30.672974807084756,104.07783074021525,10.654204569740527,99.79115904996299
2018/11/05 00:15:19,30.672869480243573,104.07783990504896,148171,30.672949733732413,104.07788767595596,10.025333224403992,279.46024859560964
2018/11/05 00:15:22,30.672829378461014,104.07798973632464,148171,30.67288912654603,104.07802530075386,7.463754237819346,294.2474104895455
2018/11/05 00:15:25,30.672699247198008,104.0782294718064,148171,30.672778450705653,104.07827661979825,9.894263259046381,321.250523760031
2018/11/05 00:15:28,30.672559138442594,104.07844923289213,148171,30.672672671545936,104.07851681962184,14.182926526906972,347.05894913176786
2018/11/05 00:15:31,30.672479120125118,104.07851915902633,148171,30.67263165277179,104.07860996369995,19.054938471311953,357.0668808600716
2018/11/05 00:15:34,30.672309203735928,104.07850917790458,143985,30.672282814079278,104.07855970471871,5.653498709137492,36.814005754857035
2018/11/05 00:15:37,30.672139395763875,104.07835935227118,143985,30.67210158273943,104.07843175076809,8.10075540468156,60.39064126383575
2018/11/05 00:15:40,30.671959546255565,104.07826946103224,143985,30.671935885276817,104.07831476413119,5.069002937490136,81.94646363906485
2018/11/05 00:15:43,30.671819702838945,104.07814960209718,143985,30.67178798048102,104.07821033957111,6.7959925141011555,101.18762068762243
2018/11/05 00:15:46,30.671689847671516,104.07803973213343,143985,30.671651184614095,104.0781137581983,8.282892419323309,118.98360755764571
2018/11/05 00:15:49,30.671579960227128,104.07795982780618,143985,30.671540411433348,104.07803554950597,8.472633869077061,133.39426772572858
2018/11/05 00:15:52,30.671549997492036,104.0779298632511,143985,30.671507086851257,104.07801202150063,9.192838242975867,137.72951675482872
2018/11/05 00:15:55,30.671549981560222,104.07794984053537,143990,30.671514698285527,104.07801739536745,7.558828328858144,39.65172204274211
2018/11/05 00:15:58,30.671569956730522,104.07796981692086,143990,30.67153691469028,104.07803308071612,7.078691836870425,42.541890216520514
2018/11/05 00:16:01,30.671579960227128,104.07795982780618,143990,30.671540411433348,104.07803554950597,8.472633869077061,42.99678718523798
2018/11/05 00:16:04,30.67158995576898,104.0779598273465,143985,30.671547713907216,104.07804070523886,9.049570609158458,132.44427708939574
2018/11/05 00:16:07,30.67158995576898,104.0779598273465,143990,30.671547713907216,104.07804070523886,9.049570609158458,43.94677782158393
2018/11/05 00:16:10,30.67158995576898,104.0779598273465,143985,30.671547713907216,104.07804070523886,9.049570609158458,132.44427708939574
2018/11/05 00:16:13,30.67158995576898,104.0779598273465,143990,30.671547713907216,104.07804070523886,9.049570609158458,43.94677782158393
2018/11/05 00:16:16,30.67158995576898,104.0779598273465,143985,30.671547713907216,104.07804070523886,9.049570609158458,132.44427708939574
2018/11/05 00:16:19,30.67158995576898,104.0779598273465,143990,30.671547713907216,104.07804070523886,9.049570609158458,43.94677782158393
2018/11/05 00:16:22,30.67158995576898,104.0779598273465,143985,30.671547713907216,104.07804070523886,9.049570609158458,132.44427708939574
2018/11/05 00:16:25,30.67155997710233,104.07794984007569,143985,30.671522000759975,104.07802255110076,8.135765265235946,135.78934208822537
2018/11/05 00:16:28,30.671569980608012,104.07793985097132,143990,30.67152549751512,104.07802501989912,9.529707055269816,41.05661138062152
2018/11/05 00:16:31,30.671569980608012,104.07793985097132,143985,30.67152549751512,104.07802501989912,9.529707055269816,135.33444353031746
2018/11/05 00:16:34,30.67157997614995,104.07793985051164,143990,30.671532799989837,104.07803017563262,10.10664378638806,42.00660216751453
2018/11/05 00:16:37,30.67157996818629,104.07794983915633,143985,30.67153660570869,104.07803286256724,9.289638896812384,133.8893606099322
2018/11/05 00:16:40,30.67156996468519,104.07795982826588,143990,30.671533108959423,104.07803039377303,7.895697047235887,42.0467965220266
2018/11/05 00:16:43,30.67157995227246,104.07796981646118,143990,30.671544217163817,104.07803823644879,7.655628702978316,43.49188081944066
2018/11/05 00:16:46,30.671599943356085,104.07796981554182,143985,30.671558822110708,104.07804854791398,8.809502193469866,130.99919296837052
2018/11/05 00:16:49,30.67157996818629,104.07794983915633,143985,30.67153660570869,104.07803286256724,9.289638896812384,133.8893606099322
2018/11/05 00:16:52,30.67157997614995,104.07793985051164,143985,30.67153279998984,104.07803017563262,10.106643786183017,134.38445274310044
2018/11/05 00:16:55,30.67155998506599,104.077939851431,143985,30.67151819504034,104.07801986416558,8.95277024512478,136.2844343440318
2018/11/05 00:16:58,30.671540009922502,104.07791987507635,143985,30.671495978667142,104.07800417883918,9.432906113953733,139.17459856409343
2018/11/05 00:17:01,30.671520026815024,104.07790988736639,143985,30.67147756801176,104.07799118044667,9.096036863176776,141.56967088277366
2018/11/05 00:17:04,30.671500051697848,104.07788991104258,143985,30.671455351667383,104.07797549514063,9.57617190022448,144.45983168026038
2018/11/05 00:17:07,30.67148008459796,104.07785994613569,143985,30.671429329666456,104.07795712294394,10.873310675956379,147.8450768292696
2018/11/05 00:17:10,30.67148008459796,104.07785994613569,143990,30.671429329666456,104.07795712294394,10.873310675956379,28.545978081463396
2018/11/05 00:17:13,30.671500059688487,104.07787992242869,143990,30.671451545980197,104.07797280822837,10.393176330156367,31.43613510408698
2018/11/05 00:17:16,30.67145008996975,104.0778699361183,143985,30.67141122790835,104.07794434264079,8.325494537952412,150.1999646320548
2018/11/05 00:17:19,30.67141011579678,104.07785994935335,143985,30.67137821231574,104.07792103278992,6.834748790244275,154.49501826248738
2018/11/05 00:17:22,30.67132017191628,104.07783997629853,143985,30.67130487865534,104.07786925735434,3.2763158262946424,164.03511814117962
2018/11/05 00:17:25,30.671240215574148,104.0778299913876,143985,30.671242653143135,104.07782532455485,0.5221884236751626,172.13014176859494
2018/11/05 00:17:28,30.671130320794653,104.0777600764702,143991,30.671135885781712,104.07774951007774,1.184973517124928,9.6502489278292
2018/11/05 00:17:31,30.670990496243427,104.07762024371314,143991,30.67098062739017,104.0776389833064,2.101522898400962,29.893421739689906
2018/11/05 00:17:34,30.670840652510826,104.07751037766289,143991,30.67082956037255,104.07753144032887,2.3620361786528274,49.59011597612948
2018/11/05 00:17:37,30.67071079219525,104.0774104996819,143991,30.67069685340435,104.07743696767214,2.9682139404723835,66.89296383541512
2018/11/05 00:17:40,30.670640864425764,104.07736056111371,143991,30.670626865221216,104.07738714384081,2.9810819257880836,76.01829649566369
2018/11/05 00:17:43,30.670530979329786,104.07728065957949,143991,30.670516338315647,104.077308460931,3.1177481933158493,90.4292297852408
2018/11/05 00:17:46,30.670411074084296,104.07723072364267,143991,30.670410001660244,104.07723276101501,0.22844881281939292,104.29382599603203
2018/11/05 00:17:49,30.67040112001367,104.0771807827789,171592,30.67038363241339,104.0772139890331,3.723889877608371,78.15312656700941
2018/11/05 00:17:52,30.6704111072602,104.07719077057372,171592,30.670394722055985,104.07722188362983,3.489147003666828,79.59903859250207
2018/11/05 00:17:55,30.67042109451114,104.07720075837369,171592,30.67040581170352,104.07722977823009,3.254404003895618,81.04495121738412
2018/11/05 00:17:58,30.670421102811854,104.07719077011416,143991,30.670401991811538,104.07722705889026,4.069578306131746,105.33818210786096
2018/11/05 00:18:01,30.67042111111706,104.07718078185977,171592,30.67039817192535,104.07722433955456,4.884752473990887,80.04884637115322
2018/11/05 00:18:04,30.670431106668634,104.07718078140022,171592,30.670405441681243,104.07722951481523,5.465183650382773,80.99670623277186
2018/11/05 00:18:07,30.670421102811854,104.07719077011416,143991,30.670401991811538,104.07722705889026,4.069578306131746,105.33818210786096
2018/11/05 00:18:10,30.670401103407748,104.07720075929282,171592,30.670391272193147,104.07721942770975,2.093541228617116,79.14923166044674
2018/11/05 00:18:13,30.670401103407748,104.07720075929282,143991,30.670391272193143,104.07721942770975,2.0935412288233963,106.73584886668189
2018/11/05 00:18:16,30.670401111708465,104.07719077103329,171592,30.67038745230037,104.07721670836936,2.9087156210615954,78.65117873875633
2018/11/05 00:18:19,30.670401111708465,104.07719077103329,143991,30.67038745230037,104.07721670836936,2.9087156210615954,107.23390178803126
2018/11/05 00:18:22,30.670381120604734,104.0771907719524,143991,30.670372912788952,104.07720635784828,1.747852615298794,109.12962157914401
2018/11/05 00:18:25,30.670371116752033,104.0772007606715,143991,30.67036946292712,104.07720390192893,0.35224646881099936,109.57942840734387
2018/11/05 00:18:28,30.670361112903738,104.07721074939575,171592,30.670366013071813,104.07720144601421,1.0433599902435535,75.85584613781533
2018/11/05 00:18:31,30.670361104612006,104.07722073766556,171592,30.67036983297775,104.07720416536398,1.8585348298049733,76.3539008062983
2018/11/05 00:18:34,30.67036109632477,104.0772307259405,171592,30.67037365288948,104.07720688471785,2.673709805033539,76.85195622367814
2018/11/05 00:18:37,30.67036109632477,104.0772307259405,143991,30.67037365288948,104.07720688471785,2.673709805033539,109.03312430309387
2018/11/05 00:18:40,30.67035110077261,104.07723072640006,143991,30.670366383135146,104.0772017094583,3.254141768058433,109.98098404649015
2018/11/05 00:18:43,30.670351092489863,104.07724071468014,171592,30.670370203053064,104.07720442881659,4.069316922391587,76.40215271011704
2018/11/05 00:18:46,30.670351075937845,104.07726069125572,171592,30.670377842906273,104.07720986754553,5.699667635291303,77.39826741862404
2018/11/05 00:18:49,30.670351059403792,104.07728066785182,171592,30.67038548278264,104.07721530629097,7.330018886392985,78.39438512488329
2018/11/05 00:18:52,30.670341055591262,104.07729065661715,143991,30.67038203297749,104.07721285041197,8.725627024794964,107.94049482319461
2018/11/05 00:18:55,30.670331043531835,104.07731063370366,171592,30.670382403138106,104.07721311392531,10.9364116560621,77.99284872855063
2018/11/05 00:18:58,30.670331043531835,104.07731063370366,143991,30.67038240313811,104.07721311392531,10.93641165626839,107.89223179789447
2018/11/05 00:19:01,30.670331051783137,104.07730064538762,143991,30.67037858317886,104.0772103945376,10.121235469025713,108.39029339927455
2018/11/05 00:19:04,30.670311085459105,104.07727068138949,143991,30.670352583829956,104.07719188588204,8.836572564801191,111.7801928862259
2018/11/05 00:19:07,30.67021120451471,104.0771807915105,143991,30.670245507037574,104.07711565907053,7.304320798410176,125.74129756923446
2018/11/05 00:19:10,30.67012130279312,104.07711087800918,143991,30.670153340095776,104.07705004642055,6.821995377309786,137.75839908930732
2018/11/05 00:19:13,30.670081353967397,104.07707092702468,143991,30.670108981674485,104.07701846813974,5.883031628308338,143.54203196499174
2018/11/05 00:19:16,30.67005139239437,104.07704096384018,143991,30.67007571291033,104.07699478446601,5.178810133892514,147.8797503417778
2018/11/05 00:19:19,30.67003140965733,104.0770309765818,143991,30.670057353567927,104.07698171464853,5.524503523856695,150.27351713020124
2018/11/05 00:19:22,30.67003141803438,104.07702098840947,143991,30.67005353375889,104.07697899536775,4.709329762444067,150.77155960311745
2018/11/05 00:19:25,30.670031443192475,104.07699102392334,143991,30.670041863651704,104.0769707785995,2.2564990030651026,152.28864658369724
2018/11/05 00:19:28,30.670031459986983,104.0769710476249,143991,30.670034305163657,104.07696551990057,0.6161082152714957,153.26810573854436
2018/11/05 00:19:31,30.67003146839097,104.0769610594834,143991,30.670030525928365,104.07696289055718,0.20408696517562575,153.75783419178396
2018/11/05 00:19:34,30.670041455541824,104.07697104716537,171590,30.6697826,104.0767904,33.57071413130767,0.0
2018/11/05 00:19:37,30.669991502992207,104.07694108505383,143982,30.6697826,104.0767904,27.33647135421497,12.35607876184507
2018/11/05 00:19:40,30.66981162511681,104.07689115274576,143981,30.66965551650088,104.07679105293357,19.82355108276042,7.432986610048582
2018/11/05 00:19:43,30.66966164121127,104.07695108834925,143981,30.669598733565635,104.07691075016054,7.988397259447212,20.506753647111776
2018/11/05 00:19:46,30.669611646607812,104.07697106692484,143981,30.669579805899385,104.0769506492808,4.043349660020008,24.864682175056185
2018/11/05 00:19:49,30.66960163425486,104.07699104368291,143981,30.669570204261422,104.07697088933062,3.991197907130921,27.075375040306923
2018/11/05 00:19:52,30.669571639188483,104.07700103321845,143981,30.66955957466568,104.07699329629371,1.5320643130688918,29.52274635787353
2018/11/05 00:19:55,30.669511607226603,104.07707095321817,143981,30.669520140104556,104.07707642351481,1.083500488447036,38.60221046406209
2018/11/05 00:19:58,30.669411477126488,104.07728071105085,143981,30.669420488206747,104.07728648760849,1.1442084652851359,61.546204331734096
2018/11/05 00:20:01,30.66927133411783,104.07753042667282,143981,30.669296969305137,104.07754686284156,3.255230032067433,89.98539608833161
2018/11/05 00:20:04,30.669141173397175,104.07780012217755,143981,30.669168511006973,104.07781765021812,3.4714259139923613,119.5618720712707
2018/11/05 00:20:07,30.66902102732712,104.07804984356183,143981,30.669049653835447,104.07806819862273,3.635124376520486,146.92779376859656
2018/11/05 00:20:10,30.66896092785852,104.07820966616222,143981,30.66897750193016,104.07822029331359,2.104651652251404,163.54021068589796
2018/11/05 00:20:13,30.668910887426556,104.07828957887553,143981,30.668936762768503,104.07830617060503,3.2858015832654837,172.9200910757058
2018/11/05 00:20:16,30.668840895069412,104.07831954858375,143976,30.66882458968441,104.07835362414151,3.729441857301666,8.73022820717416
2018/11/05 00:20:19,30.66862103947262,104.07825962576179,143976,30.668634799305742,104.07823087130305,3.1471067002436617,32.87985974086299
2018/11/05 00:20:22,30.668451209013476,104.07813976826154,143976,30.668461309582174,104.07811866142094,2.310114718748393,54.95534528542176
2018/11/05 00:20:25,30.668281387109882,104.07800992282004,143976,30.66828417655797,104.07800409512069,0.6378687841996518,77.49442778346722
2018/11/05 00:20:28,30.668091582794876,104.07787009055684,143976,30.66808813443608,104.07787729877258,0.7888723916414175,102.43958747375655
2018/11/05 00:20:31,30.66788174793966,104.07778020295711,143976,30.667895046419066,104.0777524130838,3.041565240674354,127.00886709878957
2018/11/05 00:20:34,30.667741874356413,104.07770030107277,143976,30.667759033609126,104.07766444256282,3.9246513960441307,144.31567959154614
2018/11/05 00:20:37,30.667552071906005,104.0775604710381,143976,30.66756299347108,104.07753764749782,2.4979947029903586,169.26061889272634
2018/11/05 00:20:40,30.66751213034207,104.07751053070368,143976,30.6675142427781,104.07750611646878,0.48313700265374615,175.46385591075156
2018/11/05 00:20:43,30.66746217695837,104.07748056775947,143976,30.667465146566546,104.07747436196485,0.679213322222558,181.7110588691805
2018/11/05 00:20:46,30.667442210343392,104.07745060348283,143976,30.66743894946717,104.07745741817492,0.745850665911604,185.04448535162456
2018/11/05 00:20:49,30.667432222955064,104.07744061555405,130793,30.667427733635357,104.07745022067688,1.0455346644052212,0.47663530023378153
2018/11/05 00:20:52,30.667402269022883,104.0774006634308,130793,30.667390191434645,104.07742650416652,2.8128073505058904,5.227619518028418
2018/11/05 00:20:55,30.667322353736598,104.07734073700826,130793,30.667306869316956,104.07737386713859,3.606265778179133,15.772076558213431
2018/11/05 00:20:58,30.667222447449745,104.07728081168949,130793,30.667208113665566,104.07731148029433,3.338318913617276,28.269657945354275
2018/11/05 00:21:01,30.66717250264203,104.07724086081375,130793,30.66715513807968,104.07727801406146,4.044183143268686,34.97374834750854
2018/11/05 00:21:04,30.667152528053897,104.07722088517691,130793,30.667132508744007,104.07726371844576,4.6624642241624095,37.837503850629965
2018/11/05 00:21:07,30.667072621554496,104.0771509710691,130793,30.667045589370627,104.0772088089258,6.2957433437398995,48.83720219054468
2018/11/05 00:21:10,30.667012681393718,104.07711102091965,130793,30.66698489717951,104.07717046788686,6.4708989306901215,56.51783637093823
2018/11/05 00:21:13,30.66699270691965,104.07709104541621,130793,30.66696226797376,104.07715617235324,7.089176085651531,59.38157658250799
2018/11/05 00:21:16,30.66695274966082,104.077061082659,130793,30.666920607340092,104.07712985410787,7.485890136006874,64.65375635980345
2018/11/05 00:21:19,30.666922788022152,104.0770311194885,130793,30.666886663614253,104.07710841085974,8.41330339830879,68.9493569092176
2018/11/05 00:21:22,30.666892818037127,104.07701114452661,130793,30.666856317623655,104.07708924040656,8.500877368301802,72.78966201935364
2018/11/05 00:21:25,30.66688282245577,104.07701114498609,130793,30.66684860075807,104.07708436543602,7.970176473653222,73.76623648883451
2018/11/05 00:21:28,30.666852844097193,104.07700115820205,130793,30.666821852470058,104.07706746775722,7.217911511938948,77.15125025413099
2018/11/05 00:21:31,30.666812870160395,104.07699117188261,130793,30.666787387318337,104.07704569510904,5.934944627458247,81.51283860705936
2018/11/05 00:21:34,30.6667829002085,104.07697119696174,130793,30.66675704136016,104.07702652467636,6.0225163864379425,85.35314051313928
2018/11/05 00:21:37,30.666682969607173,104.07694123714595,130793,30.66666907967624,104.07697095669823,3.2350118937799595,96.48475374489232
2018/11/05 00:21:40,30.66662303823915,104.07689129932118,130793,30.666604790226437,104.07693034316537,4.249986851270251,104.62063048943227
2018/11/05 00:21:43,30.66657309410653,104.07685134924556,130793,30.666551815380387,104.07689687739988,4.955823445299721,111.32463680725088
2018/11/05 00:21:46,30.666553102938316,104.07685135016446,130793,30.666536381633026,104.07688712744856,3.8944181448819513,113.27778921609556
2018/11/05 00:21:50,30.666543107354084,104.07685135062391,130793,30.666528664759248,104.07688225247284,3.3637153757415894,114.25436545932745
2018/11/05 00:21:52,30.666543098900746,104.07686133870943,188875,30.666532262373067,104.07688452519112,2.523878102246508,50.046087338940374
2018/11/05 00:21:55,30.66653310331643,104.07686133916889,130793,30.6665245454996,104.07687965021559,1.9931752008540848,114.77566090693281
2018/11/05 00:21:58,30.666533094867578,104.07687132725955,188876,30.6661368,104.0766347,49.5381624366177,0.0
2018/11/05 00:22:01,30.666533094867578,104.07687132725955,130789,30.6661368,104.0766347,49.5381624366177,9.764281884655487
2018/11/05 00:22:04,30.666523090838812,104.0768813158148,188876,30.6661368,104.0766347,49.00392876119893,0.0
2018/11/05 00:22:07,30.666533086423215,104.07688131535535,130789,30.6661368,104.0766347,49.98100375491696,9.764281884655487
2018/11/05 00:22:10,30.666523099283175,104.07687132771902,188876,30.6661368,104.0766347,48.55215401561035,0.0
2018/11/05 00:22:13,30.666463159597324,104.0768313781438,188868,30.6660876,104.0765488,49.74328229291803,0.0
2018/11/05 00:22:16,30.666343271933695,104.07676146727373,188864,30.66601053227011,104.07655580079043,41.903135616217426,4.777104957493657
2018/11/05 00:22:19,30.6661834362746,104.07665160652977,130789,30.6661368,104.0766347,5.431988425467597,9.764281884655487
2018/11/05 00:22:22,30.66603359672534,104.07654174594653,188865,30.6660307,104.0765117,2.891738916762721,0.0
2018/11/05 00:22:25,30.665833805701645,104.0764019247003,188865,30.665837309771277,104.07639413417473,0.8408499889764283,24.26653415837726
2018/11/05 00:22:28,30.665633980677892,104.0763020556212,178801,30.665633715111287,104.07627154570457,2.918281836664771,0.4320026279923837
2018/11/05 00:22:31,30.66544416916544,104.0761822111053,188869,30.6654364884339,104.07619698503763,1.6511085641084846,13.981680415342995
2018/11/05 00:22:34,30.665274349458052,104.07606236640797,191341,30.665266336673664,104.07607785056251,1.7283490875033303,17.059674915861606
2018/11/05 00:22:37,30.665114517106446,104.07595250960762,191341,30.665107239633628,104.07596657326758,1.5697814892748208,37.70531764519794
2018/11/05 00:22:40,30.66494470750323,104.07582267876505,191341,30.664933227356087,104.07584486380317,2.4762981456089665,60.28648545024921
2018/11/05 00:22:43,30.664754934380635,104.07566288726257,191341,30.664733172929605,104.07570493966999,4.693932505903164,86.24709559793267
2018/11/05 00:22:46,30.66455509443036,104.07558299682441,191341,30.66455608669954,104.07558108018998,0.2139622974651485,109.22718679687719
2018/11/05 00:22:50,30.66439527342169,104.07546315535119,191341,30.664393203824197,104.075467154967,0.4464343494490881,130.36414972611652
2018/11/05 00:22:52,30.664265430716835,104.07535330054871,191345,30.664256126906228,104.0753712776236,2.0066818305024636,4.6422789390873564
2018/11/05 00:22:55,30.66416553868055,104.0752833940623,191345,30.66415622178916,104.07530139651523,2.0095131110012767,17.60698113618448
2018/11/05 00:22:58,30.664075624088355,104.07523346186377,191345,30.664071232086364,104.07524194836276,0.9472979143367537,28.636110565059962
2018/11/05 00:23:02,30.66400570081288,104.07518352887458,191345,30.66400091992168,104.07519276677783,1.0311742361194578,37.76053511074023
2018/11/05 00:23:05,30.66395575963375,104.07514358229966,191345,30.663949073503353,104.0751565015165,1.4421015745838903,44.48865696020495
2018/11/05 00:23:08,30.66391580489332,104.0751136225369,191345,30.66390835405899,104.07512801929269,1.6070332530018645,49.77282946467881
2018/11/05 00:23:10,30.663766000514688,104.07497380923492,130877,30.663746351599386,104.07500918139954,4.027406558489646,14.249008930739077
2018/11/05 00:23:13,30.6636561420235,104.07487394333462,130877,30.663629676926043,104.07492158619371,5.424524054713357,29.692796491120813
2018/11/05 00:23:16,30.663556279578525,104.07477407748573,130877,30.663520056383017,104.07483928697869,7.424634071155913,44.20286036020485
2018/11/05 00:23:20,30.66348637612778,104.0747041716952,130877,30.663443322289872,104.07478167774362,8.8247042290182,54.35986996553571
2018/11/05 00:23:22,30.663426459055152,104.07464425264521,130877,30.6633775503981,104.07473229854047,10.024759873393162,63.06585519395852
2018/11/05 00:23:25,30.663366523205323,104.0746043076321,130877,30.663319595236267,104.07468878786086,9.618783480760149,70.73716985885525
2018/11/05 00:23:28,30.66327661955878,104.07454439026543,130877,30.663232662623713,104.0746235219392,9.00981367620039,82.24412716169513
2018/11/05 00:23:32,30.663176710938895,104.07449446041443,130877,30.663142584722266,104.07455589464622,6.994817459757506,94.1674182577314
2018/11/05 00:23:34,30.66310675116097,104.07448447675482,130877,30.663089300795743,104.07451589096438,3.5767821001292583,101.22042343655991
2018/11/05 00:23:37,30.663076764320163,104.074484478132,130887,30.6630692,104.0745008,1.7733223267579303,0.0
2018/11/05 00:23:40,30.66303678186456,104.07448447996825,130887,30.663067610596638,104.07450416421472,3.9110078441439713,0.36712027325198326
2018/11/05 00:23:44,30.662956759930292,104.07454440495566,130887,30.663027315574197,104.07458945477785,8.950853037255888,9.67446319230144
2018/11/05 00:23:46,30.6628266374317,104.07473416296685,130887,30.662928286172995,104.07479906561524,12.8953929636664,32.54828359827856
2018/11/05 00:23:50,30.66272641968247,104.07501380550876,130887,30.662803562990707,104.07506306126058,9.786571053247823,61.35688159576571
2018/11/05 00:23:52,30.662606177611316,104.07533340215457,130887,30.662659697526475,104.07536757446636,6.78965811067939,94.58700508591954
2018/11/05 00:23:55,30.662475935498808,104.07566299196873,130887,30.66250988734912,104.0756846705645,4.307230488959421,129.1902820522648
2018/11/05 00:23:58,30.662335693788517,104.0760025754622,130887,30.66235415318503,104.0760143591813,2.3416851075815845,165.1664150567017
2018/11/05 00:24:02,30.66218553123805,104.0762622629253,130887,30.662225119356687,104.07628753483952,5.022014336162046,194.97550817538144
2018/11/05 00:24:05,30.662115379751064,104.0764720106718,143964,30.662132782088392,104.07648310523788,2.2069307527846815,7.080371697513402
2018/11/05 00:24:07,30.662045187634707,104.07673170072562,143964,30.662022373030496,104.07671715536705,2.893318077479224,32.6124072323262
2018/11/05 00:24:10,30.661935007664155,104.07700138424309,143964,30.6618990937039,104.0769784873679,4.554565900251346,61.12061911328866
2018/11/05 00:24:13,30.66182489723572,104.07719116527362,143969,30.661804477236288,104.07717798771564,2.596979870725651,9.581894764329956
2018/11/05 00:24:16,30.66170476816057,104.0774109137076,143969,30.661696080527093,104.07740543173541,1.0991533466794732,34.452694589324814
2018/11/05 00:24:20,30.661584625046356,104.07765064160648,143969,30.661582281369565,104.07764916238277,0.29653610558203297,60.97819299456762
2018/11/05 00:24:22,30.661494471390828,104.077890371087,143969,30.661475306337515,104.07787827738133,2.424768271473012,85.91307482698183
2018/11/05 00:24:25,30.661414387051874,104.07804020460723,143969,30.661403043749633,104.07803304660551,1.435160451057165,102.75682187432744
2018/11/05 00:24:28,30.661314312462167,104.07819004020355,143960,30.661326212780256,104.07819758996018,1.507475561914804,0.205941610033669
2018/11/05 00:24:31,30.6611841666144,104.07844975598739,143960,30.661202404976905,104.07846132599641,2.310317126511451,28.944245882017224
2018/11/05 00:24:35,30.661053993352944,104.07874943144836,143960,30.66106413684682,104.07875586549697,1.2848775554609273,61.03911904072975
2018/11/05 00:24:37,30.66094384529396,104.0790091538054,143960,30.660944915474957,104.07900983149264,0.13550817151011035,88.71287678277677
2018/11/05 00:24:40,30.660843740185953,104.07920894330921,143960,30.660849677102693,104.07921270877597,0.7520148619217101,110.81970086782324
2018/11/05 00:24:43,30.66073364854396,104.07939874593525,143960,30.66075575930804,104.0794127729579,2.800871311649146,132.62000762406112
2018/11/05 00:24:46,30.660613577338477,104.07956857190557,143960,30.660666777097543,104.0796023233324,6.739131541736258,153.27467595510976
2018/11/05 00:24:49,30.660483619625253,104.0795885568564,141908,30.660499537492672,104.07955504971783,3.6612448436135114,18.489970684174068
2018/11/05 00:24:53,30.660333764804182,104.07947867964477,141908,30.660344706093213,104.07945564886087,2.5165382410989547,38.157322732736304
2018/11/05 00:24:55,30.66018392516228,104.07934882430752,141908,30.660182613664613,104.07935158646548,0.30177802742065135,58.74700990456625
2018/11/05 00:24:58,30.660064021563525,104.07928889370187,141908,30.660068915637723,104.07927859299421,1.1255713585243756,73.18943393690085
2018/11/05 00:25:01,30.659984100675636,104.07922896144284,141908,30.65998585555721,104.07922526890613,0.40351437862440453,83.7400936197803
2018/11/05 00:25:04,30.659864204795113,104.0791590419337,141908,30.659868527141235,104.0791499447462,0.9940675313014461,98.64367281583871
2018/11/05 00:25:08,30.659724340203496,104.0790591559134,141908,30.659724988075098,104.07905779350149,0.1489031105565195,116.87665156021278
2018/11/05 00:25:10,30.659644427404878,104.07898923517793,141908,30.65963829803901,104.07900213900307,1.4099413093738364,127.88841349971537
2018/11/05 00:25:13,30.65955452670475,104.07890932600897,141908,30.659540318219037,104.07893923652912,3.268233719622109,140.33425782020396
2018/11/05 00:25:16,30.659534542948585,104.07889933778813,141908,30.65952136873248,104.07892707106909,3.0303332404076184,142.74130850700837
2018/11/05 00:25:20,30.659504556016355,104.0788993391669,141908,30.65949839033851,104.07891231907395,1.41826528885482,145.6601296387773
2018/11/05 00:25:23,30.659484542146597,104.0789293075216,163983,30.6592711,104.0787664,28.391886773795168,0.0
2018/11/05 00:25:25,30.659494560372107,104.07889933962649,172084,30.6591263,104.0787197,44.407756738695625,0.0
2018/11/05 00:25:29,30.659514544128953,104.07890932784733,186526,30.6591502,104.0790402,42.40317260247392,23.395494399034735
2018/11/05 00:25:31,30.659524509691813,104.07894928399928,193709,30.659260033267728,104.07879146262445,33.05667103093897,26.74364179396363
2018/11/05 00:25:35,30.65953449782676,104.07895927270543,163983,30.6592711,104.0787664,34.6145708232493,0.0
2018/11/05 00:25:38,30.659544493470662,104.07895927224584,186526,30.6591502,104.0790402,44.52160161439235,23.395494399034735
2018/11/05 00:25:40,30.659544478466078,104.07897925059277,193709,30.65925372502122,104.07880574879397,36.34101619853046,25.20762800690832
2018/11/05 00:25:43,30.659534482822174,104.07897925105237,163983,30.6592711,104.0787664,35.66835439668536,0.0
2018/11/05 00:25:46,30.659514491534107,104.07897925197157,172084,30.659119470138748,104.07873460306382,49.769126336792276,1.6151856509427092
2018/11/05 00:25:47,30.659514491534107,104.07897925197157,186526,30.6591502,104.0790402,40.92478317358703,23.395494399034735
2018/11/05 00:25:50,30.659494492750163,104.07898924207197,193709,30.659239808993085,104.07883726416621,31.83270143599302,21.819172464538266
2018/11/05 00:25:53,30.659494492750163,104.07898924207197,163983,30.6592711,104.0787664,32.73181481392363,0.0
2018/11/05 00:25:57,30.659494492750163,104.07898924207197,172084,30.659111482661046,104.0787520320987,48.255813501243686,3.5041347327273287
2018/11/05 00:25:59,30.65948449710583,104.07898924253158,172084,30.659109272649385,104.07875685444336,47.27489462552535,4.0267777782326135
2018/11/05 00:26:03,30.659474501461407,104.07898924299117,186526,30.6591502,104.0790402,36.3886394038684,23.395494399034735
2018/11/05 00:26:05,30.659484482128263,104.07900922090941,193709,30.659230739196776,104.0788578043666,31.715111633336495,19.610740277852738
2018/11/05 00:26:08,30.659484489614794,104.07899923171792,193709,30.65923423174712,104.07884989485227,31.27951515843718,20.461151963629316
2018/11/05 00:26:12,30.659484489614794,104.07899923171792,163983,30.6592711,104.0787664,32.54223371144268,0.0
2018/11/05 00:26:15,30.65949447029057,104.07901920964643,186526,30.6591502,104.0790402,38.333777549209294,23.395494399034735
2018/11/05 00:26:17,30.65951445410146,104.07902919792902,193709,30.65923000818725,104.0788594598704,35.552652710976375,19.432744545701933
2018/11/05 00:26:20,30.659524457223057,104.07901920826762,163983,30.6592711,104.0787664,37.12695705202675,0.0
2018/11/05 00:26:23,30.65951446906101,104.0790092195306,186526,30.6591502,104.0790402,40.61318098686328,23.395494399034735
2018/11/05 00:26:27,30.65951446906101,104.0790092195306,193709,30.65923699328787,104.07884364084187,34.68145775373516,21.13356788741429
2018/11/05 00:26:30,30.659504473416845,104.07900921999021,163983,30.6592711,104.0787664,34.82604533921004,0.0
2018/11/05 00:26:33,30.659504473416845,104.07900921999021,186526,30.6591502,104.0790402,39.50475708638465,23.395494399034735
2018/11/05 00:26:35,30.659504473416845,104.07900921999021,193709,30.65923490859085,104.07884836201676,33.692675747879946,20.62595869550917
2018/11/05 00:26:39,30.659504473416845,104.07900921999021,163983,30.6592711,104.0787664,34.82604533921004,0.0
2018/11/05 00:26:41,30.659484467168717,104.07902919930783,186526,30.6591502,104.0790402,37.18375563612122,23.395494399034735
2018/11/05 00:26:45,30.65947446405128,104.07903918897438,193709,30.659218176843392,104.0788862540966,32.03312299574809,16.551894513443745
2018/11/05 00:26:48,30.659474471524298,104.07902919976743,193709,30.6592216693962,104.07887834457668,31.597524498137883,17.402306886966404
2018/11/05 00:26:50,30.659484482128263,104.07900922090941,193709,30.659230739196776,104.0788578043666,31.715111633336495,19.610740277852738
2018/11/05 00:26:54,30.659494485259128,104.07899923125832,193709,30.659236316443803,104.07884517367815,32.26829723513933,20.96876107590845
2018/11/05 00:26:56,30.659494485259128,104.07899923125832,163983,30.6592711,104.0787664,33.361291921272546,0.0
2018/11/05 00:27:00,30.659494485259128,104.07899923125832,172084,30.659107915205205,104.0787598164475,48.70433899127697,4.347798153384541
2018/11/05 00:27:03,30.659504473416845,104.07900921999021,186526,30.6591502,104.0790402,39.50475708638465,23.395494399034735
2018/11/05 00:27:06,30.65951446906101,104.0790092195306,193709,30.65923699328787,104.07884364084187,34.68145775373516,21.13356788741429
2018/11/05 00:27:09,30.65951446906101,104.0790092195306,163983,30.6592711,104.0787664,35.66190892842058,0.0
2018/11/05 00:27:12,30.65950446593482,104.07901920918684,186526,30.6591502,104.0790402,39.443763652427094,23.395494399034735
2018/11/05 00:27:15,30.659484474646238,104.07901921010604,193709,30.659227246645735,104.07886571388254,32.15070878060791,18.760328396956936
2018/11/05 00:27:18,30.6594145051335,104.07901921332328,163983,30.6592711,104.0787664,28.96622622740767,0.0
2018/11/05 00:27:21,30.65931455616147,104.07900922872265,172084,30.6590862,104.0788072,31.909093057488455,9.483201913065791
2018/11/05 00:27:24,30.659264592908784,104.07898925264277,186526,30.659148085074168,104.07903250034813,13.599522052885888,22.62237375687179
2018/11/05 00:27:27,30.659284599196713,104.07896927336628,193709,30.659203015478116,104.0789205897609,10.197080934386609,12.860206991867623
2018/11/05 00:27:30,30.659284606701252,104.07895928419535,193709,30.659206508032884,104.07891268023653,9.7614871141678,13.710619949055927
2018/11/05 00:27:33,30.659284606701252,104.07895928419535,163983,30.6592711,104.0787664,18.510723172563182,0.0
2018/11/05 00:27:36,30.65922462531861,104.07896927612386,172084,30.6590862,104.0788072,21.8462644200063,9.483201913065791
2018/11/05 00:27:39,30.659124631393095,104.07901922665172,186527,30.65901912584686,104.07895414497669,13.281025712361684,15.911799732302418
2018/11/05 00:27:42,30.659024615220098,104.07909914500658,186527,30.65896868716363,104.07906464523326,7.0402293315106625,27.877222617254972
2018/11/05 00:27:45,30.659004631369275,104.07908915668791,186527,30.658967854147903,104.07906647019072,4.629525133112674,28.074836568669316
2018/11/05 00:27:48,30.65898461774765,104.07911912533619,186527,30.658952783079364,104.07909948764545,4.007358720968871,31.65010352087557
2018/11/05 00:27:51,30.65885452651397,104.07931891735602,186527,30.65885304110935,104.07931800075032,0.18699725628658218,55.31161986010785
2018/11/05 00:27:54,30.658694413898445,104.079568660163,186527,30.658728729150955,104.07959027080037,4.339630696736223,84.7958836128328
2018/11/05 00:27:57,30.65851428433089,104.07985836559543,186527,30.658583483658596,104.07990194528152,8.751208544592274,118.70191671305135
2018/11/05 00:28:00,30.658384074243976,104.08023798130316,186527,30.65841810369966,104.08025925061561,4.29616134399697,157.51233523280078
2018/11/05 00:28:03,30.65825392486671,104.08053768442947,186527,30.658281383354502,104.08055484659077,3.466583288885137,189.61480203535206
2018/11/05 00:28:06,30.658153846739076,104.08071750954362,186527,30.65819441866182,104.08074286844742,5.122156491657056,210.03446717355882
2018/11/05 00:28:09,30.658133768532668,104.08084738187486,186527,30.658143318043294,104.08085335044736,1.205604672964469,222.03310782473443
2018/11/05 00:28:12,30.65812373965862,104.08089733310958,186527,30.658123146573878,104.08089696213635,0.07488866142379848,226.76945523320785
2018/11/05 00:28:15,30.658053743570978,104.08093729704093,130469,30.658029285508512,104.08098300118972,5.148627932681418,5.30558460418546
2018/11/05 00:28:18,30.65800377190322,104.08092730915402,130469,30.65798940324836,104.08095415958931,3.0247320042721126,10.528375814413378
2018/11/05 00:28:21,30.65787388144871,104.08084739382949,130469,30.65786492112591,104.08086413802036,1.8862474782654766,26.82996671349709
2018/11/05 00:28:24,30.65770403543034,104.08072752031131,130469,30.65769621476634,104.08074213486935,1.6463429521612725,48.92296420994965
2018/11/05 00:28:27,30.657504236924815,104.08055769888627,130469,30.657486641871955,104.08059057832138,3.703922962295937,76.36766736473747
2018/11/05 00:28:30,30.657374409327772,104.08038787573176,130469,30.657327844671837,104.08047228784628,9.591863954329478,97.33943525727098
2018/11/05 00:28:33,30.65720456572555,104.08026800505684,130469,30.65716119423175,104.08034892854285,9.120077785658623,119.30843431532105
2018/11/05 00:28:36,30.657004770660116,104.08009818765957,130469,30.656951447228472,104.08020116118773,11.4967676919733,146.58051862588027
2018/11/05 00:28:39,30.65680495567416,104.0799583407781,130469,30.656751624122467,104.08006133002795,11.498539214150941,172.51507440180262
2018/11/05 00:28:42,30.65667508988144,104.07984846054573,130469,30.656618120026742,104.07996876171524,13.135741543041938,189.8014542943619
2018/11/05 00:28:45,30.656515237610137,104.07973858231522,130469,30.65645551199324,104.0798647028007,13.771171173899864,210.4413727376995
2018/11/05 00:28:48,30.65632540605496,104.07961871657528,130469,30.656265780974543,104.0797398145195,13.346773934795722,234.68620217138746
2018/11/05 00:28:51,30.656145578056446,104.07948886167262,130469,30.656082167755674,104.07961764771723,14.1941260639084,258.210826667005
2018/11/05 00:28:54,30.65600570421906,104.07939896334112,130469,30.65594346834174,104.0795253642532,13.931261152579246,275.98107759455587
2018/11/05 00:28:57,30.65588582208056,104.07930906450723,130469,30.65581982724839,104.07944309982204,14.772700623570747,291.8220528883025
2018/11/05 00:29:00,30.6556859970698,104.07918920188189,130469,30.655624857124085,104.07931337671839,13.685955099485174,316.8017590234591
2018/11/05 00:29:03,30.65550613423767,104.07910929602104,130469,30.655460010509827,104.07920673851336,10.63875529180254,337.77959562210845
2018/11/05 00:29:06,30.655296299584233,104.0790094134684,130469,30.65526263943087,104.07908069063474,7.777843072900538,362.8202227347555
